{
  "bezier": {
    "start point": [
      38.5317725414223,
      117.85878295473336,
      69.77719351427817
    ],
    "control two": [
      219.82558281126882,
      163.7571223666672,
      301.1736971358303
    ],
    "end point": [
      -101.86223364369113,
      213.7571223666672,
      333.3147153017054
    ],
    "control one": [
      99.14154866068226,
      205.51367471545356,
      201.46737397044114
    ],
    "number of points": [
      15.0
    ]
  }
}